date,time_slot,Sea-Doo Spark,Sea-Doo GTI 130,Sea-Doo GTI 170
01/05/2023,10:00-11:00,,,
01/05/2023,11:00-12:00,,,
01/05/2023,12:00-13:00,,,
01/05/2023,13:00-14:00,,,
01/05/2023,14:00-15:00,,,
01/05/2023,15:00-16:00,,,
01/05/2023,16:00-17:00,,,
01/05/2023,17:00-18:00,,,
01/05/2023,18:00-19:00,,,
01/05/2023,19:00-20:00,,,
01/05/2023,20:00-21:00,,,
01/05/2023,21:00-22:00,,,
02/05/2023,10:00-11:00,,,
02/05/2023,11:00-12:00,,,
02/05/2023,12:00-13:00,,,
02/05/2023,13:00-14:00,,,
02/05/2023,14:00-15:00,,,
02/05/2023,15:00-16:00,,,
02/05/2023,16:00-17:00,,,
02/05/2023,17:00-18:00,,,
02/05/2023,18:00-19:00,,,
02/05/2023,19:00-20:00,,,
02/05/2023,20:00-21:00,,,
02/05/2023,21:00-22:00,,,
03/05/2023,10:00-11:00,,,
03/05/2023,11:00-12:00,,,
03/05/2023,12:00-13:00,,,
03/05/2023,13:00-14:00,moi,b,
03/05/2023,14:00-15:00,moi,b,
03/05/2023,15:00-16:00,,b,
03/05/2023,16:00-17:00,,b,joo
03/05/2023,17:00-18:00,,,joo
03/05/2023,18:00-19:00,,b,joo
03/05/2023,19:00-20:00,hei,b,joo
03/05/2023,20:00-21:00,,,joo
03/05/2023,21:00-22:00,,,joo
04/05/2023,10:00-11:00,,,
04/05/2023,11:00-12:00,,,
04/05/2023,12:00-13:00,,,
04/05/2023,13:00-14:00,,,
04/05/2023,14:00-15:00,,,
04/05/2023,15:00-16:00,,,
04/05/2023,16:00-17:00,,,
04/05/2023,17:00-18:00,,,
04/05/2023,18:00-19:00,,,
04/05/2023,19:00-20:00,,,
04/05/2023,20:00-21:00,,,
04/05/2023,21:00-22:00,,,
05/05/2023,10:00-11:00,,,
05/05/2023,11:00-12:00,,,
05/05/2023,12:00-13:00,,,
05/05/2023,13:00-14:00,,,
05/05/2023,14:00-15:00,,,
05/05/2023,15:00-16:00,,,
05/05/2023,16:00-17:00,,,
05/05/2023,17:00-18:00,,,
05/05/2023,18:00-19:00,,,
05/05/2023,19:00-20:00,,,
05/05/2023,20:00-21:00,,,
05/05/2023,21:00-22:00,,,
06/05/2023,10:00-11:00,,,
06/05/2023,11:00-12:00,,,
06/05/2023,12:00-13:00,,,
06/05/2023,13:00-14:00,,,
06/05/2023,14:00-15:00,,,
06/05/2023,15:00-16:00,,,
06/05/2023,16:00-17:00,,,
06/05/2023,17:00-18:00,,,
06/05/2023,18:00-19:00,,,
06/05/2023,19:00-20:00,,,
06/05/2023,20:00-21:00,,,
06/05/2023,21:00-22:00,,,
07/05/2023,10:00-11:00,,,
07/05/2023,11:00-12:00,,,
07/05/2023,12:00-13:00,,,
07/05/2023,13:00-14:00,,,
07/05/2023,14:00-15:00,,,
07/05/2023,15:00-16:00,,,
07/05/2023,16:00-17:00,,,
07/05/2023,17:00-18:00,,,
07/05/2023,18:00-19:00,,,
07/05/2023,19:00-20:00,,,
07/05/2023,20:00-21:00,,,
07/05/2023,21:00-22:00,,,
08/05/2023,10:00-11:00,,,
08/05/2023,11:00-12:00,,,
08/05/2023,12:00-13:00,,,
08/05/2023,13:00-14:00,,,
08/05/2023,14:00-15:00,,,
08/05/2023,15:00-16:00,,,
08/05/2023,16:00-17:00,,,
08/05/2023,17:00-18:00,,,
08/05/2023,18:00-19:00,,,
08/05/2023,19:00-20:00,,,
08/05/2023,20:00-21:00,,,
08/05/2023,21:00-22:00,,,
09/05/2023,10:00-11:00,,,
09/05/2023,11:00-12:00,,1683496936-ID6LU,
09/05/2023,12:00-13:00,,1683496936-ID6LU,
09/05/2023,13:00-14:00,,1683496936-ID6LU,
09/05/2023,14:00-15:00,,1683496936-ID6LU,
09/05/2023,15:00-16:00,,1683496936-ID6LU,
09/05/2023,16:00-17:00,,1683496936-ID6LU,
09/05/2023,17:00-18:00,,1683496936-ID6LU,
09/05/2023,18:00-19:00,,1683496936-ID6LU,
09/05/2023,19:00-20:00,,1683496936-ID6LU,
09/05/2023,20:00-21:00,,1683496936-ID6LU,
09/05/2023,21:00-22:00,,,
10/05/2023,10:00-11:00,a,a,a
10/05/2023,11:00-12:00,a,a,a
10/05/2023,12:00-13:00,a,a,a
10/05/2023,13:00-14:00,a,a,a
10/05/2023,14:00-15:00,a,a,a
10/05/2023,15:00-16:00,a,a,a
10/05/2023,16:00-17:00,a,a,a
10/05/2023,17:00-18:00,a,a,a
10/05/2023,18:00-19:00,a,a,a
10/05/2023,19:00-20:00,a,a,a
10/05/2023,20:00-21:00,a,a,a
10/05/2023,21:00-22:00,a,a,a
11/05/2023,10:00-11:00,,1683746775-YVGXA,
11/05/2023,11:00-12:00,,1683746947-IG90N,
11/05/2023,12:00-13:00,,1683746947-IG90N,
11/05/2023,13:00-14:00,,1683746947-IG90N,
11/05/2023,14:00-15:00,,1683746947-IG90N,
11/05/2023,15:00-16:00,,1683746947-IG90N,
11/05/2023,16:00-17:00,,1683746947-IG90N,
11/05/2023,17:00-18:00,,1683746947-IG90N,
11/05/2023,18:00-19:00,,1683746947-IG90N,
11/05/2023,19:00-20:00,,1683746947-IG90N,
11/05/2023,20:00-21:00,,1683746947-IG90N,
11/05/2023,21:00-22:00,,,
12/05/2023,10:00-11:00,,1683813347-P5AVH,
12/05/2023,11:00-12:00,,1683752543-XRY5N,
12/05/2023,12:00-13:00,,1683752543-XRY5N,
12/05/2023,13:00-14:00,,1683827347-7XCSM,
12/05/2023,14:00-15:00,,1683827257-T8UDI,
12/05/2023,15:00-16:00,,1683752767-B49KM,
12/05/2023,16:00-17:00,,1683752835-9E1MV,
12/05/2023,17:00-18:00,,1683752992-BMNXQ,
12/05/2023,18:00-19:00,,1683827429-MGEQZ,
12/05/2023,19:00-20:00,,1683752956-D2TTM,
12/05/2023,20:00-21:00,,1683752438-GMFLV,
12/05/2023,21:00-22:00,,1683752438-GMFLV,
13/05/2023,10:00-11:00,,1683746905-8SGGI,
13/05/2023,11:00-12:00,,1683747565-BTICJ,
13/05/2023,12:00-13:00,,1683747565-BTICJ,
13/05/2023,13:00-14:00,1683498720-TZGTH,1683747565-BTICJ,
13/05/2023,14:00-15:00,1683498720-TZGTH,1683747565-BTICJ,
13/05/2023,15:00-16:00,1683498720-TZGTH,1683747565-BTICJ,
13/05/2023,16:00-17:00,1683498720-TZGTH,1683752179-MZOUN,
13/05/2023,17:00-18:00,1683498720-TZGTH,1683752179-MZOUN,
13/05/2023,18:00-19:00,,1683752179-MZOUN,
13/05/2023,19:00-20:00,,1683752179-MZOUN,1683862819-IPIR8
13/05/2023,20:00-21:00,,1683752179-MZOUN,
13/05/2023,21:00-22:00,,1683844949-66KXT,1683848598-ZON1P
14/05/2023,10:00-11:00,1683752257-GVACH,1683748033-IRU2E,
14/05/2023,11:00-12:00,1683752257-GVACH,1683748033-IRU2E,
14/05/2023,12:00-13:00,1683752257-GVACH,1683748033-IRU2E,1683752395-I5TMP
14/05/2023,13:00-14:00,1683752257-GVACH,1683748033-IRU2E,1683752395-I5TMP
14/05/2023,14:00-15:00,1683752257-GVACH,1683748033-IRU2E,1683752395-I5TMP
14/05/2023,15:00-16:00,1683752257-GVACH,,1683752395-I5TMP
14/05/2023,16:00-17:00,1683752257-GVACH,,1683752395-I5TMP
14/05/2023,17:00-18:00,1683752257-GVACH,,1683752335-CKHD9
14/05/2023,18:00-19:00,1683752257-GVACH,,1683752335-CKHD9
14/05/2023,19:00-20:00,1683752257-GVACH,1683855509-IYKQ6,1683752335-CKHD9
14/05/2023,20:00-21:00,,1683855509-IYKQ6,1683752335-CKHD9
14/05/2023,21:00-22:00,,,1683752335-CKHD9
15/05/2023,10:00-11:00,,1683816948-Y7L9Q,1683816678-5OO7V
15/05/2023,11:00-12:00,,,
15/05/2023,12:00-13:00,,,
15/05/2023,13:00-14:00,,,
15/05/2023,14:00-15:00,,,
15/05/2023,15:00-16:00,,,
15/05/2023,16:00-17:00,,,
15/05/2023,17:00-18:00,,,
15/05/2023,18:00-19:00,,,
15/05/2023,19:00-20:00,,,
15/05/2023,20:00-21:00,,,
15/05/2023,21:00-22:00,,,
16/05/2023,10:00-11:00,,,
16/05/2023,11:00-12:00,,,
16/05/2023,12:00-13:00,,,
16/05/2023,13:00-14:00,,,
16/05/2023,14:00-15:00,,,
16/05/2023,15:00-16:00,,,
16/05/2023,16:00-17:00,,,
16/05/2023,17:00-18:00,,,
16/05/2023,18:00-19:00,,,
16/05/2023,19:00-20:00,,,
16/05/2023,20:00-21:00,,,
16/05/2023,21:00-22:00,,,
17/05/2023,10:00-11:00,,1684260025-R4LNN,
17/05/2023,11:00-12:00,,1684260025-R4LNN,
17/05/2023,12:00-13:00,,1684260457-1TONN,
17/05/2023,13:00-14:00,,1684260508-PNY97,
17/05/2023,14:00-15:00,,1684260632-6QCPS,
17/05/2023,15:00-16:00,,1684260632-6QCPS,
17/05/2023,16:00-17:00,,1684260670-QAO1V,
17/05/2023,17:00-18:00,,1684260670-QAO1V,
17/05/2023,18:00-19:00,,,
17/05/2023,19:00-20:00,,,
17/05/2023,20:00-21:00,,,
17/05/2023,21:00-22:00,,,
18/05/2023,10:00-11:00,,,
18/05/2023,11:00-12:00,,1684301328-5GDFB,
18/05/2023,12:00-13:00,,1684301328-5GDFB,
18/05/2023,13:00-14:00,,,
18/05/2023,14:00-15:00,,,
18/05/2023,15:00-16:00,,1684300600-BNPPA,
18/05/2023,16:00-17:00,,1684300600-BNPPA,
18/05/2023,17:00-18:00,,,
18/05/2023,18:00-19:00,,,
18/05/2023,19:00-20:00,,,
18/05/2023,20:00-21:00,,,
18/05/2023,21:00-22:00,,1684299286-052VN,
19/05/2023,10:00-11:00,,1684362867-GPY2H,test
19/05/2023,11:00-12:00,test,1684364140-7EKRV,test
19/05/2023,12:00-13:00,test,1684364140-7EKRV,
19/05/2023,13:00-14:00,test,,
19/05/2023,14:00-15:00,,test,
19/05/2023,15:00-16:00,,test,
19/05/2023,16:00-17:00,,test,
19/05/2023,17:00-18:00,testtest,test,
19/05/2023,18:00-19:00,test,,
19/05/2023,19:00-20:00,,,test
19/05/2023,20:00-21:00,,,test
19/05/2023,21:00-22:00,,,test
20/05/2023,10:00-11:00,,,
20/05/2023,11:00-12:00,,,
20/05/2023,12:00-13:00,,,
20/05/2023,13:00-14:00,,,
20/05/2023,14:00-15:00,,,
20/05/2023,15:00-16:00,,,
20/05/2023,16:00-17:00,,,
20/05/2023,17:00-18:00,,,
20/05/2023,18:00-19:00,,,
20/05/2023,19:00-20:00,,,
20/05/2023,20:00-21:00,,,
20/05/2023,21:00-22:00,,,
21/05/2023,10:00-11:00,,,
21/05/2023,11:00-12:00,,,
21/05/2023,12:00-13:00,,,
21/05/2023,13:00-14:00,,,
21/05/2023,14:00-15:00,,,
21/05/2023,15:00-16:00,,,
21/05/2023,16:00-17:00,,,
21/05/2023,17:00-18:00,,,
21/05/2023,18:00-19:00,,,
21/05/2023,19:00-20:00,,,
21/05/2023,20:00-21:00,,,
21/05/2023,21:00-22:00,,,
22/05/2023,10:00-11:00,,,
22/05/2023,11:00-12:00,,,
22/05/2023,12:00-13:00,,,
22/05/2023,13:00-14:00,,,
22/05/2023,14:00-15:00,,,
22/05/2023,15:00-16:00,,,
22/05/2023,16:00-17:00,,,
22/05/2023,17:00-18:00,,,
22/05/2023,18:00-19:00,,,
22/05/2023,19:00-20:00,,,
22/05/2023,20:00-21:00,,,
22/05/2023,21:00-22:00,,,
23/05/2023,10:00-11:00,,,
23/05/2023,11:00-12:00,,,
23/05/2023,12:00-13:00,,,
23/05/2023,13:00-14:00,,,
23/05/2023,14:00-15:00,,,
23/05/2023,15:00-16:00,,,
23/05/2023,16:00-17:00,,,
23/05/2023,17:00-18:00,,,
23/05/2023,18:00-19:00,,,
23/05/2023,19:00-20:00,,,
23/05/2023,20:00-21:00,,,
23/05/2023,21:00-22:00,,,
24/05/2023,10:00-11:00,,,
24/05/2023,11:00-12:00,,,
24/05/2023,12:00-13:00,,,
24/05/2023,13:00-14:00,,,
24/05/2023,14:00-15:00,,,
24/05/2023,15:00-16:00,,,
24/05/2023,16:00-17:00,,,
24/05/2023,17:00-18:00,,,
24/05/2023,18:00-19:00,,,
24/05/2023,19:00-20:00,,,
24/05/2023,20:00-21:00,,,
24/05/2023,21:00-22:00,,,
25/05/2023,10:00-11:00,,,
25/05/2023,11:00-12:00,,1683855737-RFSOP,
25/05/2023,12:00-13:00,,1683855737-RFSOP,
25/05/2023,13:00-14:00,,,
25/05/2023,14:00-15:00,,,
25/05/2023,15:00-16:00,,,
25/05/2023,16:00-17:00,,,
25/05/2023,17:00-18:00,,,
25/05/2023,18:00-19:00,,,
25/05/2023,19:00-20:00,,,
25/05/2023,20:00-21:00,,,
25/05/2023,21:00-22:00,,,
26/05/2023,10:00-11:00,,,
26/05/2023,11:00-12:00,,,
26/05/2023,12:00-13:00,,,
26/05/2023,13:00-14:00,,,
26/05/2023,14:00-15:00,,,
26/05/2023,15:00-16:00,,,
26/05/2023,16:00-17:00,,,
26/05/2023,17:00-18:00,,,
26/05/2023,18:00-19:00,,,
26/05/2023,19:00-20:00,,,
26/05/2023,20:00-21:00,,,
26/05/2023,21:00-22:00,,,
27/05/2023,10:00-11:00,,,
27/05/2023,11:00-12:00,,,
27/05/2023,12:00-13:00,,,
27/05/2023,13:00-14:00,,,
27/05/2023,14:00-15:00,,,
27/05/2023,15:00-16:00,,,
27/05/2023,16:00-17:00,,,
27/05/2023,17:00-18:00,,,
27/05/2023,18:00-19:00,,,
27/05/2023,19:00-20:00,,,
27/05/2023,20:00-21:00,,,
27/05/2023,21:00-22:00,,,
28/05/2023,10:00-11:00,,,
28/05/2023,11:00-12:00,,,
28/05/2023,12:00-13:00,,,
28/05/2023,13:00-14:00,,,
28/05/2023,14:00-15:00,,,
28/05/2023,15:00-16:00,,,
28/05/2023,16:00-17:00,,,
28/05/2023,17:00-18:00,,,
28/05/2023,18:00-19:00,,,
28/05/2023,19:00-20:00,,,
28/05/2023,20:00-21:00,,,
28/05/2023,21:00-22:00,,,
29/05/2023,10:00-11:00,,,
29/05/2023,11:00-12:00,,,
29/05/2023,12:00-13:00,,,
29/05/2023,13:00-14:00,,,
29/05/2023,14:00-15:00,,,
29/05/2023,15:00-16:00,,,
29/05/2023,16:00-17:00,,,
29/05/2023,17:00-18:00,,,
29/05/2023,18:00-19:00,,,
29/05/2023,19:00-20:00,,,
29/05/2023,20:00-21:00,,,
29/05/2023,21:00-22:00,,,
30/05/2023,10:00-11:00,,,
30/05/2023,11:00-12:00,,1685362257-C1G57,
30/05/2023,12:00-13:00,,1685362257-C1G57,
30/05/2023,13:00-14:00,,,
30/05/2023,14:00-15:00,,,
30/05/2023,15:00-16:00,,,
30/05/2023,16:00-17:00,,,
30/05/2023,17:00-18:00,,,
30/05/2023,18:00-19:00,,,
30/05/2023,19:00-20:00,,,
30/05/2023,20:00-21:00,,,
30/05/2023,21:00-22:00,,,
31/05/2023,10:00-11:00,,,
31/05/2023,11:00-12:00,,,
31/05/2023,12:00-13:00,,,
31/05/2023,13:00-14:00,,,
31/05/2023,14:00-15:00,,,
31/05/2023,15:00-16:00,,,
31/05/2023,16:00-17:00,,,
31/05/2023,17:00-18:00,,,
31/05/2023,18:00-19:00,,,
31/05/2023,19:00-20:00,,,
31/05/2023,20:00-21:00,,,
31/05/2023,21:00-22:00,,,
01/06/2023,10:00-11:00,,,
01/06/2023,11:00-12:00,,,
01/06/2023,12:00-13:00,,,
01/06/2023,13:00-14:00,,,
01/06/2023,14:00-15:00,,,
01/06/2023,15:00-16:00,,,
01/06/2023,16:00-17:00,,,
01/06/2023,17:00-18:00,,,
01/06/2023,18:00-19:00,,,
01/06/2023,19:00-20:00,,,
01/06/2023,20:00-21:00,,,
01/06/2023,21:00-22:00,,,
02/06/2023,10:00-11:00,,,
02/06/2023,11:00-12:00,,,
02/06/2023,12:00-13:00,,,
02/06/2023,13:00-14:00,,,
02/06/2023,14:00-15:00,,,
02/06/2023,15:00-16:00,,,
02/06/2023,16:00-17:00,,,
02/06/2023,17:00-18:00,,,
02/06/2023,18:00-19:00,,,
02/06/2023,19:00-20:00,,,
02/06/2023,20:00-21:00,,,
02/06/2023,21:00-22:00,,,
03/06/2023,10:00-11:00,,,
03/06/2023,11:00-12:00,,,
03/06/2023,12:00-13:00,,,
03/06/2023,13:00-14:00,,,
03/06/2023,14:00-15:00,,,
03/06/2023,15:00-16:00,,,
03/06/2023,16:00-17:00,,,
03/06/2023,17:00-18:00,,,
03/06/2023,18:00-19:00,,,
03/06/2023,19:00-20:00,,,
03/06/2023,20:00-21:00,,,
03/06/2023,21:00-22:00,,,
04/06/2023,10:00-11:00,,,
04/06/2023,11:00-12:00,,,
04/06/2023,12:00-13:00,,,
04/06/2023,13:00-14:00,,,
04/06/2023,14:00-15:00,,,
04/06/2023,15:00-16:00,,,
04/06/2023,16:00-17:00,,,
04/06/2023,17:00-18:00,,,
04/06/2023,18:00-19:00,,,
04/06/2023,19:00-20:00,,,
04/06/2023,20:00-21:00,,,
04/06/2023,21:00-22:00,,,
05/06/2023,10:00-11:00,,,
05/06/2023,11:00-12:00,,,
05/06/2023,12:00-13:00,,,
05/06/2023,13:00-14:00,,,
05/06/2023,14:00-15:00,,,
05/06/2023,15:00-16:00,,,
05/06/2023,16:00-17:00,,,
05/06/2023,17:00-18:00,,,
05/06/2023,18:00-19:00,,,
05/06/2023,19:00-20:00,,,
05/06/2023,20:00-21:00,,,
05/06/2023,21:00-22:00,,,
06/06/2023,10:00-11:00,,,
06/06/2023,11:00-12:00,,,
06/06/2023,12:00-13:00,,,
06/06/2023,13:00-14:00,,,
06/06/2023,14:00-15:00,,,
06/06/2023,15:00-16:00,,,
06/06/2023,16:00-17:00,,,
06/06/2023,17:00-18:00,,,
06/06/2023,18:00-19:00,,,
06/06/2023,19:00-20:00,,,
06/06/2023,20:00-21:00,,,
06/06/2023,21:00-22:00,,,
07/06/2023,10:00-11:00,,,
07/06/2023,11:00-12:00,,,
07/06/2023,12:00-13:00,,,
07/06/2023,13:00-14:00,,,
07/06/2023,14:00-15:00,,,
07/06/2023,15:00-16:00,,,
07/06/2023,16:00-17:00,,,
07/06/2023,17:00-18:00,,,
07/06/2023,18:00-19:00,,,
07/06/2023,19:00-20:00,,,
07/06/2023,20:00-21:00,,,
07/06/2023,21:00-22:00,,,
08/06/2023,10:00-11:00,,,
08/06/2023,11:00-12:00,,,
08/06/2023,12:00-13:00,,,
08/06/2023,13:00-14:00,,,
08/06/2023,14:00-15:00,,,
08/06/2023,15:00-16:00,,,
08/06/2023,16:00-17:00,,,
08/06/2023,17:00-18:00,,,
08/06/2023,18:00-19:00,,,
08/06/2023,19:00-20:00,,,
08/06/2023,20:00-21:00,,,
08/06/2023,21:00-22:00,,,
09/06/2023,10:00-11:00,,,
09/06/2023,11:00-12:00,,,
09/06/2023,12:00-13:00,,,
09/06/2023,13:00-14:00,,,
09/06/2023,14:00-15:00,,,
09/06/2023,15:00-16:00,,,
09/06/2023,16:00-17:00,,,
09/06/2023,17:00-18:00,,,
09/06/2023,18:00-19:00,,,
09/06/2023,19:00-20:00,,,
09/06/2023,20:00-21:00,,,
09/06/2023,21:00-22:00,,,
10/06/2023,10:00-11:00,,,
10/06/2023,11:00-12:00,,,
10/06/2023,12:00-13:00,,,
10/06/2023,13:00-14:00,,,
10/06/2023,14:00-15:00,,,
10/06/2023,15:00-16:00,,,
10/06/2023,16:00-17:00,,,
10/06/2023,17:00-18:00,,,
10/06/2023,18:00-19:00,,,
10/06/2023,19:00-20:00,,,
10/06/2023,20:00-21:00,,,
10/06/2023,21:00-22:00,,,
11/06/2023,10:00-11:00,,,
11/06/2023,11:00-12:00,,,
11/06/2023,12:00-13:00,,,
11/06/2023,13:00-14:00,,,
11/06/2023,14:00-15:00,,,
11/06/2023,15:00-16:00,,,
11/06/2023,16:00-17:00,,,
11/06/2023,17:00-18:00,,,
11/06/2023,18:00-19:00,,,
11/06/2023,19:00-20:00,,,
11/06/2023,20:00-21:00,,,
11/06/2023,21:00-22:00,,,
12/06/2023,10:00-11:00,,,
12/06/2023,11:00-12:00,,,
12/06/2023,12:00-13:00,,,
12/06/2023,13:00-14:00,,,
12/06/2023,14:00-15:00,,,
12/06/2023,15:00-16:00,,,
12/06/2023,16:00-17:00,,,
12/06/2023,17:00-18:00,,,
12/06/2023,18:00-19:00,,,
12/06/2023,19:00-20:00,,,
12/06/2023,20:00-21:00,,,
12/06/2023,21:00-22:00,,,
13/06/2023,10:00-11:00,,,
13/06/2023,11:00-12:00,,,
13/06/2023,12:00-13:00,,,
13/06/2023,13:00-14:00,,,
13/06/2023,14:00-15:00,,,
13/06/2023,15:00-16:00,,,
13/06/2023,16:00-17:00,,,
13/06/2023,17:00-18:00,,,
13/06/2023,18:00-19:00,,,
13/06/2023,19:00-20:00,,,
13/06/2023,20:00-21:00,,,
13/06/2023,21:00-22:00,,,
14/06/2023,10:00-11:00,,,
14/06/2023,11:00-12:00,,,
14/06/2023,12:00-13:00,,,
14/06/2023,13:00-14:00,,,
14/06/2023,14:00-15:00,,,
14/06/2023,15:00-16:00,,,
14/06/2023,16:00-17:00,,,
14/06/2023,17:00-18:00,,,
14/06/2023,18:00-19:00,,,
14/06/2023,19:00-20:00,,,
14/06/2023,20:00-21:00,,,
14/06/2023,21:00-22:00,,,
15/06/2023,10:00-11:00,,,
15/06/2023,11:00-12:00,,,
15/06/2023,12:00-13:00,,,
15/06/2023,13:00-14:00,,,
15/06/2023,14:00-15:00,,,
15/06/2023,15:00-16:00,,,
15/06/2023,16:00-17:00,,,
15/06/2023,17:00-18:00,,,
15/06/2023,18:00-19:00,,,
15/06/2023,19:00-20:00,,,
15/06/2023,20:00-21:00,,,
15/06/2023,21:00-22:00,,,
16/06/2023,10:00-11:00,,,
16/06/2023,11:00-12:00,,,
16/06/2023,12:00-13:00,,,
16/06/2023,13:00-14:00,,,
16/06/2023,14:00-15:00,,,
16/06/2023,15:00-16:00,,,
16/06/2023,16:00-17:00,,,
16/06/2023,17:00-18:00,,,
16/06/2023,18:00-19:00,,,
16/06/2023,19:00-20:00,,,
16/06/2023,20:00-21:00,,,
16/06/2023,21:00-22:00,,,
17/06/2023,10:00-11:00,,,
17/06/2023,11:00-12:00,,,
17/06/2023,12:00-13:00,,,
17/06/2023,13:00-14:00,,,
17/06/2023,14:00-15:00,,,
17/06/2023,15:00-16:00,,,
17/06/2023,16:00-17:00,,,
17/06/2023,17:00-18:00,,,
17/06/2023,18:00-19:00,,,
17/06/2023,19:00-20:00,,,
17/06/2023,20:00-21:00,,,
17/06/2023,21:00-22:00,,,
18/06/2023,10:00-11:00,,,
18/06/2023,11:00-12:00,,,
18/06/2023,12:00-13:00,,,
18/06/2023,13:00-14:00,,,
18/06/2023,14:00-15:00,,,
18/06/2023,15:00-16:00,,,
18/06/2023,16:00-17:00,,,
18/06/2023,17:00-18:00,,,
18/06/2023,18:00-19:00,,,
18/06/2023,19:00-20:00,,,
18/06/2023,20:00-21:00,,,
18/06/2023,21:00-22:00,,,
19/06/2023,10:00-11:00,,,
19/06/2023,11:00-12:00,,,
19/06/2023,12:00-13:00,,,
19/06/2023,13:00-14:00,,,
19/06/2023,14:00-15:00,,,
19/06/2023,15:00-16:00,,,
19/06/2023,16:00-17:00,,,
19/06/2023,17:00-18:00,,,
19/06/2023,18:00-19:00,,,
19/06/2023,19:00-20:00,,,
19/06/2023,20:00-21:00,,,
19/06/2023,21:00-22:00,,,
20/06/2023,10:00-11:00,,,
20/06/2023,11:00-12:00,,,1684299564-PDP8U
20/06/2023,12:00-13:00,,,1684299564-PDP8U
20/06/2023,13:00-14:00,,,
20/06/2023,14:00-15:00,,,
20/06/2023,15:00-16:00,,,
20/06/2023,16:00-17:00,,,
20/06/2023,17:00-18:00,,,
20/06/2023,18:00-19:00,,,
20/06/2023,19:00-20:00,,,
20/06/2023,20:00-21:00,,,
20/06/2023,21:00-22:00,,,
21/06/2023,10:00-11:00,,,
21/06/2023,11:00-12:00,,,
21/06/2023,12:00-13:00,,,
21/06/2023,13:00-14:00,,,
21/06/2023,14:00-15:00,,,
21/06/2023,15:00-16:00,,,
21/06/2023,16:00-17:00,,,
21/06/2023,17:00-18:00,,,
21/06/2023,18:00-19:00,,,
21/06/2023,19:00-20:00,,,
21/06/2023,20:00-21:00,,,
21/06/2023,21:00-22:00,,,
22/06/2023,10:00-11:00,,,
22/06/2023,11:00-12:00,,,
22/06/2023,12:00-13:00,,,
22/06/2023,13:00-14:00,,,
22/06/2023,14:00-15:00,,,
22/06/2023,15:00-16:00,,,
22/06/2023,16:00-17:00,,,
22/06/2023,17:00-18:00,,,
22/06/2023,18:00-19:00,,,
22/06/2023,19:00-20:00,,,
22/06/2023,20:00-21:00,,,
22/06/2023,21:00-22:00,,,
23/06/2023,10:00-11:00,,,
23/06/2023,11:00-12:00,,,
23/06/2023,12:00-13:00,,,
23/06/2023,13:00-14:00,,,
23/06/2023,14:00-15:00,,,
23/06/2023,15:00-16:00,,,
23/06/2023,16:00-17:00,,,
23/06/2023,17:00-18:00,,,
23/06/2023,18:00-19:00,,,
23/06/2023,19:00-20:00,,,
23/06/2023,20:00-21:00,,,
23/06/2023,21:00-22:00,,,
24/06/2023,10:00-11:00,,,
24/06/2023,11:00-12:00,,,
24/06/2023,12:00-13:00,,,
24/06/2023,13:00-14:00,,,
24/06/2023,14:00-15:00,,,
24/06/2023,15:00-16:00,,,
24/06/2023,16:00-17:00,,,
24/06/2023,17:00-18:00,,,
24/06/2023,18:00-19:00,,,
24/06/2023,19:00-20:00,,,
24/06/2023,20:00-21:00,,,
24/06/2023,21:00-22:00,,,
25/06/2023,10:00-11:00,,,
25/06/2023,11:00-12:00,,,
25/06/2023,12:00-13:00,,,
25/06/2023,13:00-14:00,,,
25/06/2023,14:00-15:00,,,
25/06/2023,15:00-16:00,,,
25/06/2023,16:00-17:00,,,
25/06/2023,17:00-18:00,,,
25/06/2023,18:00-19:00,,,
25/06/2023,19:00-20:00,,,
25/06/2023,20:00-21:00,,,
25/06/2023,21:00-22:00,,,
26/06/2023,10:00-11:00,,,
26/06/2023,11:00-12:00,,,
26/06/2023,12:00-13:00,,,
26/06/2023,13:00-14:00,,,
26/06/2023,14:00-15:00,,,
26/06/2023,15:00-16:00,,,
26/06/2023,16:00-17:00,,,
26/06/2023,17:00-18:00,,,
26/06/2023,18:00-19:00,,,
26/06/2023,19:00-20:00,,,
26/06/2023,20:00-21:00,,,
26/06/2023,21:00-22:00,,,
27/06/2023,10:00-11:00,,,
27/06/2023,11:00-12:00,,,
27/06/2023,12:00-13:00,,,
27/06/2023,13:00-14:00,,,
27/06/2023,14:00-15:00,,,
27/06/2023,15:00-16:00,,,
27/06/2023,16:00-17:00,,,
27/06/2023,17:00-18:00,,,
27/06/2023,18:00-19:00,,,
27/06/2023,19:00-20:00,,,
27/06/2023,20:00-21:00,,,
27/06/2023,21:00-22:00,,,
28/06/2023,10:00-11:00,,,
28/06/2023,11:00-12:00,,,
28/06/2023,12:00-13:00,,,
28/06/2023,13:00-14:00,,,
28/06/2023,14:00-15:00,,,
28/06/2023,15:00-16:00,,,
28/06/2023,16:00-17:00,,,
28/06/2023,17:00-18:00,,,
28/06/2023,18:00-19:00,,,
28/06/2023,19:00-20:00,,,
28/06/2023,20:00-21:00,,,
28/06/2023,21:00-22:00,,,
29/06/2023,10:00-11:00,,,
29/06/2023,11:00-12:00,,,
29/06/2023,12:00-13:00,,,
29/06/2023,13:00-14:00,,,
29/06/2023,14:00-15:00,,,
29/06/2023,15:00-16:00,,,
29/06/2023,16:00-17:00,,,
29/06/2023,17:00-18:00,,,
29/06/2023,18:00-19:00,,,
29/06/2023,19:00-20:00,,,
29/06/2023,20:00-21:00,,,
29/06/2023,21:00-22:00,,,
30/06/2023,10:00-11:00,,,
30/06/2023,11:00-12:00,,,
30/06/2023,12:00-13:00,,,
30/06/2023,13:00-14:00,,,
30/06/2023,14:00-15:00,,,
30/06/2023,15:00-16:00,,,
30/06/2023,16:00-17:00,,,
30/06/2023,17:00-18:00,,,
30/06/2023,18:00-19:00,,,
30/06/2023,19:00-20:00,,,
30/06/2023,20:00-21:00,,,
30/06/2023,21:00-22:00,,,
01/07/2023,10:00-11:00,,,
01/07/2023,11:00-12:00,,,
01/07/2023,12:00-13:00,,,
01/07/2023,13:00-14:00,,,
01/07/2023,14:00-15:00,,,
01/07/2023,15:00-16:00,,,
01/07/2023,16:00-17:00,,,
01/07/2023,17:00-18:00,,,
01/07/2023,18:00-19:00,,,
01/07/2023,19:00-20:00,,,
01/07/2023,20:00-21:00,,,
01/07/2023,21:00-22:00,,,
02/07/2023,10:00-11:00,,,
02/07/2023,11:00-12:00,,,
02/07/2023,12:00-13:00,,,
02/07/2023,13:00-14:00,,,
02/07/2023,14:00-15:00,,,
02/07/2023,15:00-16:00,,,
02/07/2023,16:00-17:00,,,
02/07/2023,17:00-18:00,,,
02/07/2023,18:00-19:00,,,
02/07/2023,19:00-20:00,,,
02/07/2023,20:00-21:00,,,
02/07/2023,21:00-22:00,,,
03/07/2023,10:00-11:00,,,
03/07/2023,11:00-12:00,,,
03/07/2023,12:00-13:00,,,
03/07/2023,13:00-14:00,,,
03/07/2023,14:00-15:00,,,
03/07/2023,15:00-16:00,,,
03/07/2023,16:00-17:00,,,
03/07/2023,17:00-18:00,,,
03/07/2023,18:00-19:00,,,
03/07/2023,19:00-20:00,,,
03/07/2023,20:00-21:00,,,
03/07/2023,21:00-22:00,,,
04/07/2023,10:00-11:00,,,
04/07/2023,11:00-12:00,,,
04/07/2023,12:00-13:00,,,
04/07/2023,13:00-14:00,,,
04/07/2023,14:00-15:00,,,
04/07/2023,15:00-16:00,,,
04/07/2023,16:00-17:00,,,
04/07/2023,17:00-18:00,,,
04/07/2023,18:00-19:00,,,
04/07/2023,19:00-20:00,,,
04/07/2023,20:00-21:00,,,
04/07/2023,21:00-22:00,,,
05/07/2023,10:00-11:00,,,
05/07/2023,11:00-12:00,,,
05/07/2023,12:00-13:00,,,
05/07/2023,13:00-14:00,,,
05/07/2023,14:00-15:00,,,
05/07/2023,15:00-16:00,,,
05/07/2023,16:00-17:00,,,
05/07/2023,17:00-18:00,,,
05/07/2023,18:00-19:00,,,
05/07/2023,19:00-20:00,,,
05/07/2023,20:00-21:00,,,
05/07/2023,21:00-22:00,,,
06/07/2023,10:00-11:00,,,
06/07/2023,11:00-12:00,,,
06/07/2023,12:00-13:00,,,
06/07/2023,13:00-14:00,,,
06/07/2023,14:00-15:00,,,
06/07/2023,15:00-16:00,,,
06/07/2023,16:00-17:00,,,
06/07/2023,17:00-18:00,,,
06/07/2023,18:00-19:00,,,
06/07/2023,19:00-20:00,,,
06/07/2023,20:00-21:00,,,
06/07/2023,21:00-22:00,,,
07/07/2023,10:00-11:00,,,
07/07/2023,11:00-12:00,,,
07/07/2023,12:00-13:00,,,
07/07/2023,13:00-14:00,,,
07/07/2023,14:00-15:00,,,
07/07/2023,15:00-16:00,,,
07/07/2023,16:00-17:00,,,
07/07/2023,17:00-18:00,,,
07/07/2023,18:00-19:00,,,
07/07/2023,19:00-20:00,,,
07/07/2023,20:00-21:00,,,
07/07/2023,21:00-22:00,,,
08/07/2023,10:00-11:00,,,
08/07/2023,11:00-12:00,,,
08/07/2023,12:00-13:00,,,
08/07/2023,13:00-14:00,,,
08/07/2023,14:00-15:00,,,
08/07/2023,15:00-16:00,,,
08/07/2023,16:00-17:00,,,
08/07/2023,17:00-18:00,,,
08/07/2023,18:00-19:00,,,
08/07/2023,19:00-20:00,,,
08/07/2023,20:00-21:00,,,
08/07/2023,21:00-22:00,,,
09/07/2023,10:00-11:00,,,
09/07/2023,11:00-12:00,,,
09/07/2023,12:00-13:00,,,
09/07/2023,13:00-14:00,,,
09/07/2023,14:00-15:00,,,
09/07/2023,15:00-16:00,,,
09/07/2023,16:00-17:00,,,
09/07/2023,17:00-18:00,,,
09/07/2023,18:00-19:00,,,
09/07/2023,19:00-20:00,,,
09/07/2023,20:00-21:00,,,
09/07/2023,21:00-22:00,,,
10/07/2023,10:00-11:00,,,
10/07/2023,11:00-12:00,,,
10/07/2023,12:00-13:00,,,
10/07/2023,13:00-14:00,,,
10/07/2023,14:00-15:00,,,
10/07/2023,15:00-16:00,,,
10/07/2023,16:00-17:00,,,
10/07/2023,17:00-18:00,,,
10/07/2023,18:00-19:00,,,
10/07/2023,19:00-20:00,,,
10/07/2023,20:00-21:00,,,
10/07/2023,21:00-22:00,,,
11/07/2023,10:00-11:00,,,
11/07/2023,11:00-12:00,,,
11/07/2023,12:00-13:00,,,
11/07/2023,13:00-14:00,,,
11/07/2023,14:00-15:00,,,
11/07/2023,15:00-16:00,,,
11/07/2023,16:00-17:00,,,
11/07/2023,17:00-18:00,,,
11/07/2023,18:00-19:00,,,
11/07/2023,19:00-20:00,,,
11/07/2023,20:00-21:00,,,
11/07/2023,21:00-22:00,,,
12/07/2023,10:00-11:00,,,
12/07/2023,11:00-12:00,,,
12/07/2023,12:00-13:00,,,
12/07/2023,13:00-14:00,,,
12/07/2023,14:00-15:00,,,
12/07/2023,15:00-16:00,,,
12/07/2023,16:00-17:00,,,
12/07/2023,17:00-18:00,,,
12/07/2023,18:00-19:00,,,
12/07/2023,19:00-20:00,,,
12/07/2023,20:00-21:00,,,
12/07/2023,21:00-22:00,,,
13/07/2023,10:00-11:00,,,
13/07/2023,11:00-12:00,,,
13/07/2023,12:00-13:00,,,
13/07/2023,13:00-14:00,,,
13/07/2023,14:00-15:00,,,
13/07/2023,15:00-16:00,,,
13/07/2023,16:00-17:00,,,
13/07/2023,17:00-18:00,,,
13/07/2023,18:00-19:00,,,
13/07/2023,19:00-20:00,,,
13/07/2023,20:00-21:00,,,
13/07/2023,21:00-22:00,,,
14/07/2023,10:00-11:00,,,
14/07/2023,11:00-12:00,,,
14/07/2023,12:00-13:00,,,
14/07/2023,13:00-14:00,,,
14/07/2023,14:00-15:00,,,
14/07/2023,15:00-16:00,,,
14/07/2023,16:00-17:00,,,
14/07/2023,17:00-18:00,,,
14/07/2023,18:00-19:00,,,
14/07/2023,19:00-20:00,,,
14/07/2023,20:00-21:00,,,
14/07/2023,21:00-22:00,,,
15/07/2023,10:00-11:00,,,
15/07/2023,11:00-12:00,,,
15/07/2023,12:00-13:00,,,
15/07/2023,13:00-14:00,,,
15/07/2023,14:00-15:00,,,
15/07/2023,15:00-16:00,,,
15/07/2023,16:00-17:00,,,
15/07/2023,17:00-18:00,,,
15/07/2023,18:00-19:00,,,
15/07/2023,19:00-20:00,,,
15/07/2023,20:00-21:00,,,
15/07/2023,21:00-22:00,,,
16/07/2023,10:00-11:00,,,
16/07/2023,11:00-12:00,,,
16/07/2023,12:00-13:00,,,
16/07/2023,13:00-14:00,,,
16/07/2023,14:00-15:00,,,
16/07/2023,15:00-16:00,,,
16/07/2023,16:00-17:00,,,
16/07/2023,17:00-18:00,,,
16/07/2023,18:00-19:00,,,
16/07/2023,19:00-20:00,,,
16/07/2023,20:00-21:00,,,
16/07/2023,21:00-22:00,,,
17/07/2023,10:00-11:00,,,
17/07/2023,11:00-12:00,,,
17/07/2023,12:00-13:00,,,
17/07/2023,13:00-14:00,,,
17/07/2023,14:00-15:00,,,
17/07/2023,15:00-16:00,,,
17/07/2023,16:00-17:00,,,
17/07/2023,17:00-18:00,,,
17/07/2023,18:00-19:00,,,
17/07/2023,19:00-20:00,,,
17/07/2023,20:00-21:00,,,
17/07/2023,21:00-22:00,,,
18/07/2023,10:00-11:00,,,
18/07/2023,11:00-12:00,,,
18/07/2023,12:00-13:00,,,
18/07/2023,13:00-14:00,,,
18/07/2023,14:00-15:00,,,
18/07/2023,15:00-16:00,,,
18/07/2023,16:00-17:00,,,
18/07/2023,17:00-18:00,,,
18/07/2023,18:00-19:00,,,
18/07/2023,19:00-20:00,,,
18/07/2023,20:00-21:00,,,
18/07/2023,21:00-22:00,,,
19/07/2023,10:00-11:00,,,
19/07/2023,11:00-12:00,,,
19/07/2023,12:00-13:00,,,
19/07/2023,13:00-14:00,,,
19/07/2023,14:00-15:00,,,
19/07/2023,15:00-16:00,,,
19/07/2023,16:00-17:00,,,
19/07/2023,17:00-18:00,,,
19/07/2023,18:00-19:00,,,
19/07/2023,19:00-20:00,,,
19/07/2023,20:00-21:00,,,
19/07/2023,21:00-22:00,,,
20/07/2023,10:00-11:00,,,
20/07/2023,11:00-12:00,,,
20/07/2023,12:00-13:00,,,
20/07/2023,13:00-14:00,,,
20/07/2023,14:00-15:00,,,
20/07/2023,15:00-16:00,,,
20/07/2023,16:00-17:00,,,
20/07/2023,17:00-18:00,,,
20/07/2023,18:00-19:00,,,
20/07/2023,19:00-20:00,,,
20/07/2023,20:00-21:00,,,
20/07/2023,21:00-22:00,,,
21/07/2023,10:00-11:00,,,
21/07/2023,11:00-12:00,,,
21/07/2023,12:00-13:00,,,
21/07/2023,13:00-14:00,,,
21/07/2023,14:00-15:00,,,
21/07/2023,15:00-16:00,,,
21/07/2023,16:00-17:00,,,
21/07/2023,17:00-18:00,,,
21/07/2023,18:00-19:00,,,
21/07/2023,19:00-20:00,,,
21/07/2023,20:00-21:00,,,
21/07/2023,21:00-22:00,,,
22/07/2023,10:00-11:00,,,
22/07/2023,11:00-12:00,,,
22/07/2023,12:00-13:00,,,
22/07/2023,13:00-14:00,,,
22/07/2023,14:00-15:00,,,
22/07/2023,15:00-16:00,,,
22/07/2023,16:00-17:00,,,
22/07/2023,17:00-18:00,,,
22/07/2023,18:00-19:00,,,
22/07/2023,19:00-20:00,,,
22/07/2023,20:00-21:00,,,
22/07/2023,21:00-22:00,,,
23/07/2023,10:00-11:00,,,
23/07/2023,11:00-12:00,,,
23/07/2023,12:00-13:00,,,
23/07/2023,13:00-14:00,,,
23/07/2023,14:00-15:00,,,
23/07/2023,15:00-16:00,,,
23/07/2023,16:00-17:00,,,
23/07/2023,17:00-18:00,,,
23/07/2023,18:00-19:00,,,
23/07/2023,19:00-20:00,,,
23/07/2023,20:00-21:00,,,
23/07/2023,21:00-22:00,,,
24/07/2023,10:00-11:00,,,
24/07/2023,11:00-12:00,,,
24/07/2023,12:00-13:00,,,
24/07/2023,13:00-14:00,,,
24/07/2023,14:00-15:00,,,
24/07/2023,15:00-16:00,,,
24/07/2023,16:00-17:00,,,
24/07/2023,17:00-18:00,,,
24/07/2023,18:00-19:00,,,
24/07/2023,19:00-20:00,,,
24/07/2023,20:00-21:00,,,
24/07/2023,21:00-22:00,,,
25/07/2023,10:00-11:00,,,
25/07/2023,11:00-12:00,,,
25/07/2023,12:00-13:00,,,
25/07/2023,13:00-14:00,,,
25/07/2023,14:00-15:00,,,
25/07/2023,15:00-16:00,,,
25/07/2023,16:00-17:00,,,
25/07/2023,17:00-18:00,,,
25/07/2023,18:00-19:00,,,
25/07/2023,19:00-20:00,,,
25/07/2023,20:00-21:00,,,
25/07/2023,21:00-22:00,,,
26/07/2023,10:00-11:00,,,
26/07/2023,11:00-12:00,,,
26/07/2023,12:00-13:00,,,
26/07/2023,13:00-14:00,,,
26/07/2023,14:00-15:00,,,
26/07/2023,15:00-16:00,,,
26/07/2023,16:00-17:00,,,
26/07/2023,17:00-18:00,,,
26/07/2023,18:00-19:00,,,
26/07/2023,19:00-20:00,,,
26/07/2023,20:00-21:00,,,
26/07/2023,21:00-22:00,,,
27/07/2023,10:00-11:00,,,
27/07/2023,11:00-12:00,,,
27/07/2023,12:00-13:00,,,
27/07/2023,13:00-14:00,,,
27/07/2023,14:00-15:00,,,
27/07/2023,15:00-16:00,,,
27/07/2023,16:00-17:00,,,
27/07/2023,17:00-18:00,,,
27/07/2023,18:00-19:00,,,
27/07/2023,19:00-20:00,,,
27/07/2023,20:00-21:00,,,
27/07/2023,21:00-22:00,,,
28/07/2023,10:00-11:00,,,
28/07/2023,11:00-12:00,,,
28/07/2023,12:00-13:00,,,
28/07/2023,13:00-14:00,,,
28/07/2023,14:00-15:00,,,
28/07/2023,15:00-16:00,,,
28/07/2023,16:00-17:00,,,
28/07/2023,17:00-18:00,,,
28/07/2023,18:00-19:00,,,
28/07/2023,19:00-20:00,,,
28/07/2023,20:00-21:00,,,
28/07/2023,21:00-22:00,,,
29/07/2023,10:00-11:00,,,
29/07/2023,11:00-12:00,,,
29/07/2023,12:00-13:00,,,
29/07/2023,13:00-14:00,,,
29/07/2023,14:00-15:00,,,
29/07/2023,15:00-16:00,,,
29/07/2023,16:00-17:00,,,
29/07/2023,17:00-18:00,,,
29/07/2023,18:00-19:00,,,
29/07/2023,19:00-20:00,,,
29/07/2023,20:00-21:00,,,
29/07/2023,21:00-22:00,,,
30/07/2023,10:00-11:00,,,
30/07/2023,11:00-12:00,,,
30/07/2023,12:00-13:00,,,
30/07/2023,13:00-14:00,,,
30/07/2023,14:00-15:00,,,
30/07/2023,15:00-16:00,,,
30/07/2023,16:00-17:00,,,
30/07/2023,17:00-18:00,,,
30/07/2023,18:00-19:00,,,
30/07/2023,19:00-20:00,,,
30/07/2023,20:00-21:00,,,
30/07/2023,21:00-22:00,,,
31/07/2023,10:00-11:00,,,
31/07/2023,11:00-12:00,,,
31/07/2023,12:00-13:00,,,
31/07/2023,13:00-14:00,,,
31/07/2023,14:00-15:00,,,
31/07/2023,15:00-16:00,,,
31/07/2023,16:00-17:00,,,
31/07/2023,17:00-18:00,,,
31/07/2023,18:00-19:00,,,
31/07/2023,19:00-20:00,,,
31/07/2023,20:00-21:00,,,
31/07/2023,21:00-22:00,,,
01/08/2023,10:00-11:00,,,
01/08/2023,11:00-12:00,,,
01/08/2023,12:00-13:00,,,
01/08/2023,13:00-14:00,,,
01/08/2023,14:00-15:00,,,
01/08/2023,15:00-16:00,,,
01/08/2023,16:00-17:00,,,
01/08/2023,17:00-18:00,,,
01/08/2023,18:00-19:00,,,
01/08/2023,19:00-20:00,,,
01/08/2023,20:00-21:00,,,
01/08/2023,21:00-22:00,,,
02/08/2023,10:00-11:00,,,
02/08/2023,11:00-12:00,,,
02/08/2023,12:00-13:00,,,
02/08/2023,13:00-14:00,,,
02/08/2023,14:00-15:00,,,
02/08/2023,15:00-16:00,,,
02/08/2023,16:00-17:00,,,
02/08/2023,17:00-18:00,,,
02/08/2023,18:00-19:00,,,
02/08/2023,19:00-20:00,,,
02/08/2023,20:00-21:00,,,
02/08/2023,21:00-22:00,,,
03/08/2023,10:00-11:00,,,
03/08/2023,11:00-12:00,,,
03/08/2023,12:00-13:00,,,
03/08/2023,13:00-14:00,,,
03/08/2023,14:00-15:00,,,
03/08/2023,15:00-16:00,,,
03/08/2023,16:00-17:00,,,
03/08/2023,17:00-18:00,,,
03/08/2023,18:00-19:00,,,
03/08/2023,19:00-20:00,,,
03/08/2023,20:00-21:00,,,
03/08/2023,21:00-22:00,,,
04/08/2023,10:00-11:00,,,
04/08/2023,11:00-12:00,,,
04/08/2023,12:00-13:00,,,
04/08/2023,13:00-14:00,,,
04/08/2023,14:00-15:00,,,
04/08/2023,15:00-16:00,,,
04/08/2023,16:00-17:00,,,
04/08/2023,17:00-18:00,,,
04/08/2023,18:00-19:00,,,
04/08/2023,19:00-20:00,,,
04/08/2023,20:00-21:00,,,
04/08/2023,21:00-22:00,,,
05/08/2023,10:00-11:00,,,
05/08/2023,11:00-12:00,,,
05/08/2023,12:00-13:00,,,
05/08/2023,13:00-14:00,,,
05/08/2023,14:00-15:00,,,
05/08/2023,15:00-16:00,,,
05/08/2023,16:00-17:00,,,
05/08/2023,17:00-18:00,,,
05/08/2023,18:00-19:00,,,
05/08/2023,19:00-20:00,,,
05/08/2023,20:00-21:00,,,
05/08/2023,21:00-22:00,,,
06/08/2023,10:00-11:00,,,
06/08/2023,11:00-12:00,,,
06/08/2023,12:00-13:00,,,
06/08/2023,13:00-14:00,,,
06/08/2023,14:00-15:00,,,
06/08/2023,15:00-16:00,,,
06/08/2023,16:00-17:00,,,
06/08/2023,17:00-18:00,,,
06/08/2023,18:00-19:00,,,
06/08/2023,19:00-20:00,,,
06/08/2023,20:00-21:00,,,
06/08/2023,21:00-22:00,,,
07/08/2023,10:00-11:00,,,
07/08/2023,11:00-12:00,,,
07/08/2023,12:00-13:00,,,
07/08/2023,13:00-14:00,,,
07/08/2023,14:00-15:00,,,
07/08/2023,15:00-16:00,,,
07/08/2023,16:00-17:00,,,
07/08/2023,17:00-18:00,,,
07/08/2023,18:00-19:00,,,
07/08/2023,19:00-20:00,,,
07/08/2023,20:00-21:00,,,
07/08/2023,21:00-22:00,,,
08/08/2023,10:00-11:00,,,
08/08/2023,11:00-12:00,,,
08/08/2023,12:00-13:00,,,
08/08/2023,13:00-14:00,,,
08/08/2023,14:00-15:00,,,
08/08/2023,15:00-16:00,,,
08/08/2023,16:00-17:00,,,
08/08/2023,17:00-18:00,,,
08/08/2023,18:00-19:00,,,
08/08/2023,19:00-20:00,,,
08/08/2023,20:00-21:00,,,
08/08/2023,21:00-22:00,,,
09/08/2023,10:00-11:00,,,
09/08/2023,11:00-12:00,,,
09/08/2023,12:00-13:00,,,
09/08/2023,13:00-14:00,,,
09/08/2023,14:00-15:00,,,
09/08/2023,15:00-16:00,,,
09/08/2023,16:00-17:00,,,
09/08/2023,17:00-18:00,,,
09/08/2023,18:00-19:00,,,
09/08/2023,19:00-20:00,,,
09/08/2023,20:00-21:00,,,
09/08/2023,21:00-22:00,,,
10/08/2023,10:00-11:00,,,
10/08/2023,11:00-12:00,,,
10/08/2023,12:00-13:00,,,
10/08/2023,13:00-14:00,,,
10/08/2023,14:00-15:00,,,
10/08/2023,15:00-16:00,,,
10/08/2023,16:00-17:00,,,
10/08/2023,17:00-18:00,,,
10/08/2023,18:00-19:00,,,
10/08/2023,19:00-20:00,,,
10/08/2023,20:00-21:00,,,
10/08/2023,21:00-22:00,,,
11/08/2023,10:00-11:00,,,
11/08/2023,11:00-12:00,,,
11/08/2023,12:00-13:00,,,
11/08/2023,13:00-14:00,,,
11/08/2023,14:00-15:00,,,
11/08/2023,15:00-16:00,,,
11/08/2023,16:00-17:00,,,
11/08/2023,17:00-18:00,,,
11/08/2023,18:00-19:00,,,
11/08/2023,19:00-20:00,,,
11/08/2023,20:00-21:00,,,
11/08/2023,21:00-22:00,,,
12/08/2023,10:00-11:00,,,
12/08/2023,11:00-12:00,,,
12/08/2023,12:00-13:00,,,
12/08/2023,13:00-14:00,,,
12/08/2023,14:00-15:00,,,
12/08/2023,15:00-16:00,,,
12/08/2023,16:00-17:00,,,
12/08/2023,17:00-18:00,,,
12/08/2023,18:00-19:00,,,
12/08/2023,19:00-20:00,,,
12/08/2023,20:00-21:00,,,
12/08/2023,21:00-22:00,,,
13/08/2023,10:00-11:00,,,
13/08/2023,11:00-12:00,,,
13/08/2023,12:00-13:00,,,
13/08/2023,13:00-14:00,,,
13/08/2023,14:00-15:00,,,
13/08/2023,15:00-16:00,,,
13/08/2023,16:00-17:00,,,
13/08/2023,17:00-18:00,,,
13/08/2023,18:00-19:00,,,
13/08/2023,19:00-20:00,,,
13/08/2023,20:00-21:00,,,
13/08/2023,21:00-22:00,,,
14/08/2023,10:00-11:00,,,
14/08/2023,11:00-12:00,,,
14/08/2023,12:00-13:00,,,
14/08/2023,13:00-14:00,,,
14/08/2023,14:00-15:00,,,
14/08/2023,15:00-16:00,,,
14/08/2023,16:00-17:00,,,
14/08/2023,17:00-18:00,,,
14/08/2023,18:00-19:00,,,
14/08/2023,19:00-20:00,,,
14/08/2023,20:00-21:00,,,
14/08/2023,21:00-22:00,,,
15/08/2023,10:00-11:00,,,
15/08/2023,11:00-12:00,,,
15/08/2023,12:00-13:00,,,
15/08/2023,13:00-14:00,,,
15/08/2023,14:00-15:00,,,
15/08/2023,15:00-16:00,,,
15/08/2023,16:00-17:00,,,
15/08/2023,17:00-18:00,,,
15/08/2023,18:00-19:00,,,
15/08/2023,19:00-20:00,,,
15/08/2023,20:00-21:00,,,
15/08/2023,21:00-22:00,,,
16/08/2023,10:00-11:00,,,
16/08/2023,11:00-12:00,,,
16/08/2023,12:00-13:00,,,
16/08/2023,13:00-14:00,,,
16/08/2023,14:00-15:00,,,
16/08/2023,15:00-16:00,,,
16/08/2023,16:00-17:00,,,
16/08/2023,17:00-18:00,,,
16/08/2023,18:00-19:00,,,
16/08/2023,19:00-20:00,,,
16/08/2023,20:00-21:00,,,
16/08/2023,21:00-22:00,,,
17/08/2023,10:00-11:00,,,
17/08/2023,11:00-12:00,,,
17/08/2023,12:00-13:00,,,
17/08/2023,13:00-14:00,,,
17/08/2023,14:00-15:00,,,
17/08/2023,15:00-16:00,,,
17/08/2023,16:00-17:00,,,
17/08/2023,17:00-18:00,,,
17/08/2023,18:00-19:00,,,
17/08/2023,19:00-20:00,,,
17/08/2023,20:00-21:00,,,
17/08/2023,21:00-22:00,,,
18/08/2023,10:00-11:00,,,
18/08/2023,11:00-12:00,,,
18/08/2023,12:00-13:00,,,
18/08/2023,13:00-14:00,,,
18/08/2023,14:00-15:00,,,
18/08/2023,15:00-16:00,,,
18/08/2023,16:00-17:00,,,
18/08/2023,17:00-18:00,,,
18/08/2023,18:00-19:00,,,
18/08/2023,19:00-20:00,,,
18/08/2023,20:00-21:00,,,
18/08/2023,21:00-22:00,,,
19/08/2023,10:00-11:00,,,
19/08/2023,11:00-12:00,,,
19/08/2023,12:00-13:00,,,
19/08/2023,13:00-14:00,,,
19/08/2023,14:00-15:00,,,
19/08/2023,15:00-16:00,,,
19/08/2023,16:00-17:00,,,
19/08/2023,17:00-18:00,,,
19/08/2023,18:00-19:00,,,
19/08/2023,19:00-20:00,,,
19/08/2023,20:00-21:00,,,
19/08/2023,21:00-22:00,,,
20/08/2023,10:00-11:00,,,
20/08/2023,11:00-12:00,,,
20/08/2023,12:00-13:00,,,
20/08/2023,13:00-14:00,,,
20/08/2023,14:00-15:00,,,
20/08/2023,15:00-16:00,,,
20/08/2023,16:00-17:00,,,
20/08/2023,17:00-18:00,,,
20/08/2023,18:00-19:00,,,
20/08/2023,19:00-20:00,,,
20/08/2023,20:00-21:00,,,
20/08/2023,21:00-22:00,,,
21/08/2023,10:00-11:00,,,
21/08/2023,11:00-12:00,,,
21/08/2023,12:00-13:00,,,
21/08/2023,13:00-14:00,,,
21/08/2023,14:00-15:00,,,
21/08/2023,15:00-16:00,,,
21/08/2023,16:00-17:00,,,
21/08/2023,17:00-18:00,,,
21/08/2023,18:00-19:00,,,
21/08/2023,19:00-20:00,,,
21/08/2023,20:00-21:00,,,
21/08/2023,21:00-22:00,,,
22/08/2023,10:00-11:00,,,
22/08/2023,11:00-12:00,,,
22/08/2023,12:00-13:00,,,
22/08/2023,13:00-14:00,,,
22/08/2023,14:00-15:00,,,
22/08/2023,15:00-16:00,,,
22/08/2023,16:00-17:00,,,
22/08/2023,17:00-18:00,,,
22/08/2023,18:00-19:00,,,
22/08/2023,19:00-20:00,,,
22/08/2023,20:00-21:00,,,
22/08/2023,21:00-22:00,,,
23/08/2023,10:00-11:00,,,
23/08/2023,11:00-12:00,,,
23/08/2023,12:00-13:00,,,
23/08/2023,13:00-14:00,,,
23/08/2023,14:00-15:00,,,
23/08/2023,15:00-16:00,,,
23/08/2023,16:00-17:00,,,
23/08/2023,17:00-18:00,,,
23/08/2023,18:00-19:00,,,
23/08/2023,19:00-20:00,,,
23/08/2023,20:00-21:00,,,
23/08/2023,21:00-22:00,,,
24/08/2023,10:00-11:00,,,
24/08/2023,11:00-12:00,,,
24/08/2023,12:00-13:00,,,
24/08/2023,13:00-14:00,,,
24/08/2023,14:00-15:00,,,
24/08/2023,15:00-16:00,,,
24/08/2023,16:00-17:00,,,
24/08/2023,17:00-18:00,,,
24/08/2023,18:00-19:00,,,
24/08/2023,19:00-20:00,,,
24/08/2023,20:00-21:00,,,
24/08/2023,21:00-22:00,,,
25/08/2023,10:00-11:00,,,
25/08/2023,11:00-12:00,,,
25/08/2023,12:00-13:00,,,
25/08/2023,13:00-14:00,,,
25/08/2023,14:00-15:00,,,
25/08/2023,15:00-16:00,,,
25/08/2023,16:00-17:00,,,
25/08/2023,17:00-18:00,,,
25/08/2023,18:00-19:00,,,
25/08/2023,19:00-20:00,,,
25/08/2023,20:00-21:00,,,
25/08/2023,21:00-22:00,,,
26/08/2023,10:00-11:00,,,
26/08/2023,11:00-12:00,,,
26/08/2023,12:00-13:00,,,
26/08/2023,13:00-14:00,,,
26/08/2023,14:00-15:00,,,
26/08/2023,15:00-16:00,,,
26/08/2023,16:00-17:00,,,
26/08/2023,17:00-18:00,,,
26/08/2023,18:00-19:00,,,
26/08/2023,19:00-20:00,,,
26/08/2023,20:00-21:00,,,
26/08/2023,21:00-22:00,,,
27/08/2023,10:00-11:00,,,
27/08/2023,11:00-12:00,,,
27/08/2023,12:00-13:00,,,
27/08/2023,13:00-14:00,,,
27/08/2023,14:00-15:00,,,
27/08/2023,15:00-16:00,,,
27/08/2023,16:00-17:00,,,
27/08/2023,17:00-18:00,,,
27/08/2023,18:00-19:00,,,
27/08/2023,19:00-20:00,,,
27/08/2023,20:00-21:00,,,
27/08/2023,21:00-22:00,,,
28/08/2023,10:00-11:00,,,
28/08/2023,11:00-12:00,,,
28/08/2023,12:00-13:00,,,
28/08/2023,13:00-14:00,,,
28/08/2023,14:00-15:00,,,
28/08/2023,15:00-16:00,,,
28/08/2023,16:00-17:00,,,
28/08/2023,17:00-18:00,,,
28/08/2023,18:00-19:00,,,
28/08/2023,19:00-20:00,,,
28/08/2023,20:00-21:00,,,
28/08/2023,21:00-22:00,,,
29/08/2023,10:00-11:00,,,
29/08/2023,11:00-12:00,,,
29/08/2023,12:00-13:00,,,
29/08/2023,13:00-14:00,,,
29/08/2023,14:00-15:00,,,
29/08/2023,15:00-16:00,,,
29/08/2023,16:00-17:00,,,
29/08/2023,17:00-18:00,,,
29/08/2023,18:00-19:00,,,
29/08/2023,19:00-20:00,,,
29/08/2023,20:00-21:00,,,
29/08/2023,21:00-22:00,,,
30/08/2023,10:00-11:00,,,
30/08/2023,11:00-12:00,,,
30/08/2023,12:00-13:00,,,
30/08/2023,13:00-14:00,,,
30/08/2023,14:00-15:00,,,
30/08/2023,15:00-16:00,,,
30/08/2023,16:00-17:00,,,
30/08/2023,17:00-18:00,,,
30/08/2023,18:00-19:00,,,
30/08/2023,19:00-20:00,,,
30/08/2023,20:00-21:00,,,
30/08/2023,21:00-22:00,,,
31/08/2023,10:00-11:00,,,
31/08/2023,11:00-12:00,,,
31/08/2023,12:00-13:00,,,
31/08/2023,13:00-14:00,,,
31/08/2023,14:00-15:00,,,
31/08/2023,15:00-16:00,,,
31/08/2023,16:00-17:00,,,
31/08/2023,17:00-18:00,,,
31/08/2023,18:00-19:00,,,
31/08/2023,19:00-20:00,,,
31/08/2023,20:00-21:00,,,
31/08/2023,21:00-22:00,,,
01/09/2023,10:00-11:00,,,
01/09/2023,11:00-12:00,,,
01/09/2023,12:00-13:00,,,
01/09/2023,13:00-14:00,,,
01/09/2023,14:00-15:00,,,
01/09/2023,15:00-16:00,,,
01/09/2023,16:00-17:00,,,
01/09/2023,17:00-18:00,,,
01/09/2023,18:00-19:00,,,
01/09/2023,19:00-20:00,,,
01/09/2023,20:00-21:00,,,
01/09/2023,21:00-22:00,,,
02/09/2023,10:00-11:00,,,
02/09/2023,11:00-12:00,,,
02/09/2023,12:00-13:00,,,
02/09/2023,13:00-14:00,,,
02/09/2023,14:00-15:00,,,
02/09/2023,15:00-16:00,,,
02/09/2023,16:00-17:00,,,
02/09/2023,17:00-18:00,,,
02/09/2023,18:00-19:00,,,
02/09/2023,19:00-20:00,,,
02/09/2023,20:00-21:00,,,
02/09/2023,21:00-22:00,,,
03/09/2023,10:00-11:00,,,
03/09/2023,11:00-12:00,,,
03/09/2023,12:00-13:00,,,
03/09/2023,13:00-14:00,,,
03/09/2023,14:00-15:00,,,
03/09/2023,15:00-16:00,,,
03/09/2023,16:00-17:00,,,
03/09/2023,17:00-18:00,,,
03/09/2023,18:00-19:00,,,
03/09/2023,19:00-20:00,,,
03/09/2023,20:00-21:00,,,
03/09/2023,21:00-22:00,,,
04/09/2023,10:00-11:00,,,
04/09/2023,11:00-12:00,,,
04/09/2023,12:00-13:00,,,
04/09/2023,13:00-14:00,,,
04/09/2023,14:00-15:00,,,
04/09/2023,15:00-16:00,,,
04/09/2023,16:00-17:00,,,
04/09/2023,17:00-18:00,,,
04/09/2023,18:00-19:00,,,
04/09/2023,19:00-20:00,,,
04/09/2023,20:00-21:00,,,
04/09/2023,21:00-22:00,,,
05/09/2023,10:00-11:00,,,
05/09/2023,11:00-12:00,,,
05/09/2023,12:00-13:00,,,
05/09/2023,13:00-14:00,,,
05/09/2023,14:00-15:00,,,
05/09/2023,15:00-16:00,,,
05/09/2023,16:00-17:00,,,
05/09/2023,17:00-18:00,,,
05/09/2023,18:00-19:00,,,
05/09/2023,19:00-20:00,,,
05/09/2023,20:00-21:00,,,
05/09/2023,21:00-22:00,,,
06/09/2023,10:00-11:00,,,
06/09/2023,11:00-12:00,,,
06/09/2023,12:00-13:00,,,
06/09/2023,13:00-14:00,,,
06/09/2023,14:00-15:00,,,
06/09/2023,15:00-16:00,,,
06/09/2023,16:00-17:00,,,
06/09/2023,17:00-18:00,,,
06/09/2023,18:00-19:00,,,
06/09/2023,19:00-20:00,,,
06/09/2023,20:00-21:00,,,
06/09/2023,21:00-22:00,,,
07/09/2023,10:00-11:00,,,
07/09/2023,11:00-12:00,,,
07/09/2023,12:00-13:00,,,
07/09/2023,13:00-14:00,,,
07/09/2023,14:00-15:00,,,
07/09/2023,15:00-16:00,,,
07/09/2023,16:00-17:00,,,
07/09/2023,17:00-18:00,,,
07/09/2023,18:00-19:00,,,
07/09/2023,19:00-20:00,,,
07/09/2023,20:00-21:00,,,
07/09/2023,21:00-22:00,,,
08/09/2023,10:00-11:00,,,
08/09/2023,11:00-12:00,,,
08/09/2023,12:00-13:00,,,
08/09/2023,13:00-14:00,,,
08/09/2023,14:00-15:00,,,
08/09/2023,15:00-16:00,,,
08/09/2023,16:00-17:00,,,
08/09/2023,17:00-18:00,,,
08/09/2023,18:00-19:00,,,
08/09/2023,19:00-20:00,,,
08/09/2023,20:00-21:00,,,
08/09/2023,21:00-22:00,,,
09/09/2023,10:00-11:00,,,
09/09/2023,11:00-12:00,,,
09/09/2023,12:00-13:00,,,
09/09/2023,13:00-14:00,,,
09/09/2023,14:00-15:00,,,
09/09/2023,15:00-16:00,,,
09/09/2023,16:00-17:00,,,
09/09/2023,17:00-18:00,,,
09/09/2023,18:00-19:00,,,
09/09/2023,19:00-20:00,,,
09/09/2023,20:00-21:00,,,
09/09/2023,21:00-22:00,,,
10/09/2023,10:00-11:00,,,
10/09/2023,11:00-12:00,,,
10/09/2023,12:00-13:00,,,
10/09/2023,13:00-14:00,,,
10/09/2023,14:00-15:00,,,
10/09/2023,15:00-16:00,,,
10/09/2023,16:00-17:00,,,
10/09/2023,17:00-18:00,,,
10/09/2023,18:00-19:00,,,
10/09/2023,19:00-20:00,,,
10/09/2023,20:00-21:00,,,
10/09/2023,21:00-22:00,,,
11/09/2023,10:00-11:00,,,
11/09/2023,11:00-12:00,,,
11/09/2023,12:00-13:00,,,
11/09/2023,13:00-14:00,,,
11/09/2023,14:00-15:00,,,
11/09/2023,15:00-16:00,,,
11/09/2023,16:00-17:00,,,
11/09/2023,17:00-18:00,,,
11/09/2023,18:00-19:00,,,
11/09/2023,19:00-20:00,,,
11/09/2023,20:00-21:00,,,
11/09/2023,21:00-22:00,,,
12/09/2023,10:00-11:00,,,
12/09/2023,11:00-12:00,,,
12/09/2023,12:00-13:00,,,
12/09/2023,13:00-14:00,,,
12/09/2023,14:00-15:00,,,
12/09/2023,15:00-16:00,,,
12/09/2023,16:00-17:00,,,
12/09/2023,17:00-18:00,,,
12/09/2023,18:00-19:00,,,
12/09/2023,19:00-20:00,,,
12/09/2023,20:00-21:00,,,
12/09/2023,21:00-22:00,,,
13/09/2023,10:00-11:00,,,
13/09/2023,11:00-12:00,,,
13/09/2023,12:00-13:00,,,
13/09/2023,13:00-14:00,,,
13/09/2023,14:00-15:00,,,
13/09/2023,15:00-16:00,,,
13/09/2023,16:00-17:00,,,
13/09/2023,17:00-18:00,,,
13/09/2023,18:00-19:00,,,
13/09/2023,19:00-20:00,,,
13/09/2023,20:00-21:00,,,
13/09/2023,21:00-22:00,,,
14/09/2023,10:00-11:00,,,
14/09/2023,11:00-12:00,,,
14/09/2023,12:00-13:00,,,
14/09/2023,13:00-14:00,,,
14/09/2023,14:00-15:00,,,
14/09/2023,15:00-16:00,,,
14/09/2023,16:00-17:00,,,
14/09/2023,17:00-18:00,,,
14/09/2023,18:00-19:00,,,
14/09/2023,19:00-20:00,,,
14/09/2023,20:00-21:00,,,
14/09/2023,21:00-22:00,,,
15/09/2023,10:00-11:00,,,
15/09/2023,11:00-12:00,,,
15/09/2023,12:00-13:00,,,
15/09/2023,13:00-14:00,,,
15/09/2023,14:00-15:00,,,
15/09/2023,15:00-16:00,,,
15/09/2023,16:00-17:00,,,
15/09/2023,17:00-18:00,,,
15/09/2023,18:00-19:00,,,
15/09/2023,19:00-20:00,,,
15/09/2023,20:00-21:00,,,
15/09/2023,21:00-22:00,,,
16/09/2023,10:00-11:00,,,
16/09/2023,11:00-12:00,,,
16/09/2023,12:00-13:00,,,
16/09/2023,13:00-14:00,,,
16/09/2023,14:00-15:00,,,
16/09/2023,15:00-16:00,,,
16/09/2023,16:00-17:00,,,
16/09/2023,17:00-18:00,,,
16/09/2023,18:00-19:00,,,
16/09/2023,19:00-20:00,,,
16/09/2023,20:00-21:00,,,
16/09/2023,21:00-22:00,,,
17/09/2023,10:00-11:00,,,
17/09/2023,11:00-12:00,,,
17/09/2023,12:00-13:00,,,
17/09/2023,13:00-14:00,,,
17/09/2023,14:00-15:00,,,
17/09/2023,15:00-16:00,,,
17/09/2023,16:00-17:00,,,
17/09/2023,17:00-18:00,,,
17/09/2023,18:00-19:00,,,
17/09/2023,19:00-20:00,,,
17/09/2023,20:00-21:00,,,
17/09/2023,21:00-22:00,,,
18/09/2023,10:00-11:00,,,
18/09/2023,11:00-12:00,,,
18/09/2023,12:00-13:00,,,
18/09/2023,13:00-14:00,,,
18/09/2023,14:00-15:00,,,
18/09/2023,15:00-16:00,,,
18/09/2023,16:00-17:00,,,
18/09/2023,17:00-18:00,,,
18/09/2023,18:00-19:00,,,
18/09/2023,19:00-20:00,,,
18/09/2023,20:00-21:00,,,
18/09/2023,21:00-22:00,,,
19/09/2023,10:00-11:00,,,
19/09/2023,11:00-12:00,,,
19/09/2023,12:00-13:00,,,
19/09/2023,13:00-14:00,,,
19/09/2023,14:00-15:00,,,
19/09/2023,15:00-16:00,,,
19/09/2023,16:00-17:00,,,
19/09/2023,17:00-18:00,,,
19/09/2023,18:00-19:00,,,
19/09/2023,19:00-20:00,,,
19/09/2023,20:00-21:00,,,
19/09/2023,21:00-22:00,,,
20/09/2023,10:00-11:00,,,
20/09/2023,11:00-12:00,,,
20/09/2023,12:00-13:00,,,
20/09/2023,13:00-14:00,,,
20/09/2023,14:00-15:00,,,
20/09/2023,15:00-16:00,,,
20/09/2023,16:00-17:00,,,
20/09/2023,17:00-18:00,,,
20/09/2023,18:00-19:00,,,
20/09/2023,19:00-20:00,,,
20/09/2023,20:00-21:00,,,
20/09/2023,21:00-22:00,,,
21/09/2023,10:00-11:00,,,
21/09/2023,11:00-12:00,,,
21/09/2023,12:00-13:00,,,
21/09/2023,13:00-14:00,,,
21/09/2023,14:00-15:00,,,
21/09/2023,15:00-16:00,,,
21/09/2023,16:00-17:00,,,
21/09/2023,17:00-18:00,,,
21/09/2023,18:00-19:00,,,
21/09/2023,19:00-20:00,,,
21/09/2023,20:00-21:00,,,
21/09/2023,21:00-22:00,,,
22/09/2023,10:00-11:00,,,
22/09/2023,11:00-12:00,,,
22/09/2023,12:00-13:00,,,
22/09/2023,13:00-14:00,,,
22/09/2023,14:00-15:00,,,
22/09/2023,15:00-16:00,,,
22/09/2023,16:00-17:00,,,
22/09/2023,17:00-18:00,,,
22/09/2023,18:00-19:00,,,
22/09/2023,19:00-20:00,,,
22/09/2023,20:00-21:00,,,
22/09/2023,21:00-22:00,,,
23/09/2023,10:00-11:00,,,
23/09/2023,11:00-12:00,,,
23/09/2023,12:00-13:00,,,
23/09/2023,13:00-14:00,,,
23/09/2023,14:00-15:00,,,
23/09/2023,15:00-16:00,,,
23/09/2023,16:00-17:00,,,
23/09/2023,17:00-18:00,,,
23/09/2023,18:00-19:00,,,
23/09/2023,19:00-20:00,,,
23/09/2023,20:00-21:00,,,
23/09/2023,21:00-22:00,,,
24/09/2023,10:00-11:00,,,
24/09/2023,11:00-12:00,,,
24/09/2023,12:00-13:00,,,
24/09/2023,13:00-14:00,,,
24/09/2023,14:00-15:00,,,
24/09/2023,15:00-16:00,,,
24/09/2023,16:00-17:00,,,
24/09/2023,17:00-18:00,,,
24/09/2023,18:00-19:00,,,
24/09/2023,19:00-20:00,,,
24/09/2023,20:00-21:00,,,
24/09/2023,21:00-22:00,,,
25/09/2023,10:00-11:00,,,
25/09/2023,11:00-12:00,,,
25/09/2023,12:00-13:00,,,
25/09/2023,13:00-14:00,,,
25/09/2023,14:00-15:00,,,
25/09/2023,15:00-16:00,,,
25/09/2023,16:00-17:00,,,
25/09/2023,17:00-18:00,,,
25/09/2023,18:00-19:00,,,
25/09/2023,19:00-20:00,,,
25/09/2023,20:00-21:00,,,
25/09/2023,21:00-22:00,,,
26/09/2023,10:00-11:00,,,
26/09/2023,11:00-12:00,,,
26/09/2023,12:00-13:00,,,
26/09/2023,13:00-14:00,,,
26/09/2023,14:00-15:00,,,
26/09/2023,15:00-16:00,,,
26/09/2023,16:00-17:00,,,
26/09/2023,17:00-18:00,,,
26/09/2023,18:00-19:00,,,
26/09/2023,19:00-20:00,,,
26/09/2023,20:00-21:00,,,
26/09/2023,21:00-22:00,,,
27/09/2023,10:00-11:00,,,
27/09/2023,11:00-12:00,,,
27/09/2023,12:00-13:00,,,
27/09/2023,13:00-14:00,,,
27/09/2023,14:00-15:00,,,
27/09/2023,15:00-16:00,,,
27/09/2023,16:00-17:00,,,
27/09/2023,17:00-18:00,,,
27/09/2023,18:00-19:00,,,
27/09/2023,19:00-20:00,,,
27/09/2023,20:00-21:00,,,
27/09/2023,21:00-22:00,,,
28/09/2023,10:00-11:00,,,
28/09/2023,11:00-12:00,,,
28/09/2023,12:00-13:00,,,
28/09/2023,13:00-14:00,,,
28/09/2023,14:00-15:00,,,
28/09/2023,15:00-16:00,,,
28/09/2023,16:00-17:00,,,
28/09/2023,17:00-18:00,,,
28/09/2023,18:00-19:00,,,
28/09/2023,19:00-20:00,,,
28/09/2023,20:00-21:00,,,
28/09/2023,21:00-22:00,,,
29/09/2023,10:00-11:00,,,
29/09/2023,11:00-12:00,,,
29/09/2023,12:00-13:00,,,
29/09/2023,13:00-14:00,,,
29/09/2023,14:00-15:00,,,
29/09/2023,15:00-16:00,,,
29/09/2023,16:00-17:00,,,
29/09/2023,17:00-18:00,,,
29/09/2023,18:00-19:00,,,
29/09/2023,19:00-20:00,,,
29/09/2023,20:00-21:00,,,
29/09/2023,21:00-22:00,,,
30/09/2023,10:00-11:00,,,
30/09/2023,11:00-12:00,,,
30/09/2023,12:00-13:00,,,
30/09/2023,13:00-14:00,,,
30/09/2023,14:00-15:00,,,
30/09/2023,15:00-16:00,,,
30/09/2023,16:00-17:00,,,
30/09/2023,17:00-18:00,,,
30/09/2023,18:00-19:00,,,
30/09/2023,19:00-20:00,,,
30/09/2023,20:00-21:00,,,
30/09/2023,21:00-22:00,,,
